Lat,Lon,1960,1961,1962,1963,1964,1965,1966,1967,1968,1969,1970,1971,1972,1973,1974,1975,1976,1977,1978,1979,1980,1981,1982,1983,1984,1985,1986,1987,1988,1989,1990,1991,1992,1993,1994,1995,1996,1997,1998,1999,2000
44.6547,-88.9592,-5.67,-8.26,-10.7,-14.13,-5.15,-9.85,-13.16,-6.83,-7.63,-10.24,-12.03,-11.8,-11.09,-5.77,-6.88,-6.39,-9.98,-14.64,-11.4,-14.18,-8.12,-7.96,-14.71,-5.5,-9.64,-10.17,-8.34,-5.25,-11.02,-4.62,-2.04,-10.46,-4.82,-8.14,-14.19,-6.34,-10.22,-9.5,-5.56,-9.86,-8.09
51.8167,-111.4667,-14.23,-9.64,-12.35,-16.82,-10.76,-17.54,-24.11,-16.38,-16.08,-28.1,-17.67,-19.41,-19.55,-11.12,-18.39,-13.25,-12.52,-14.3,-19.61,-17.71,-16.55,-6.06,-23.77,-10.64,-9.34,-11.42,-5.19,-6.67,-13.64,-10.97,-9.53,-13.1,-7.31,-15.33,-16.43,-12.27,-20.56,-18.22,-17.38,-13.91,-14.09
41.4831,-83.711,-0.87,-0.77,-4.72,-8.0,-1.22,-2.9,-5.06,-0.11,-5.13,-3.99,-7.54,-5.8,-3.33,-1.61,-3.01,-0.87,-5.94,-11.92,-7.55,-7.08,-3.67,-6.91,-8.65,-1.79,-7.31,-6.22,-2.97,-3.69,-4.72,0.14,1.03,-3.89,-2.77,-2.15,-1.94,-3.95,-5.24,-5.78,0.21,-4.67,-5.02
64.783,170.1166,-25.19,-21.96,-20.88,-19.4,-34.94,-28.29,-22.71,-26.63,-17.83,-15.91,-26.09,-21.49,-22.41,-33.12,-28.82,-32.36,-23.11,-21.59,-16.02,-17.97,-21.87,-23.73,-21.75,-26.66,-24.29,-22.23,-28.7,-25.96,-19.63,-38.16,-25.49,-30.92,-26.81,-35.4,-23.88,-31.63,-18.65,-26.98,-26.72,-30.59,-31.29
58.1667,18.4331,-0.94,0.32,1.57,-3.56,0.21,0.34,-3.77,-2.64,-2.37,-2.02,-3.87,0.94,-2.63,1.65,0.98,2.98,-1.39,-0.59,0.72,-3.48,-1.94,-0.92,-2.02,3.64,0.39,-4.26,-1.77,-6.67,1.45,3.46,2.66,1.64,2.0,1.15,0.61,-0.59,-2.08,-0.19,1.67,-0.18,0.83
43.18,126.55,-19.1,-19.0,-14.25,-21.25,-18.25,-17.89,-19.9,-16.64,-19.25,-16.84,-21.94,-18.1,-16.25,-14.2,-14.6,-15.1,-18.05,-22.35,-18.54,-15.0,-18.5,-21.05,-18.59,-16.04,-17.2,-19.98,-20.14,-19.95,-13.25,-14.6,-19.45,-18.95,-13.19,-17.63,-18.48,-14.09,-15.83,-19.93,-19.73,-13.08,-20.7
71.233,-9.1667,-2.38,-1.88,-2.93,-6.43,-5.34,-5.2,-10.96,-7.86,-9.57,-9.95,-3.4,-9.98,-0.86,-2.02,-1.26,-6.85,-6.75,-6.03,-7.17,-9.42,-3.03,-7.62,-8.93,-3.95,-3.55,-3.5,-5.93,-2.59,-10.99,-6.41,-1.24,-1.38,-4.33,-5.12,-5.37,-3.59,-1.41,-8.86,-6.18,-3.04,-4.3
48.2167,-125.5,4.12,6.81,4.89,3.11,5.63,4.18,5.35,5.75,4.51,0.27,4.14,4.3,2.13,4.34,3.77,3.6,5.2,4.25,5.77,2.54,2.71,7.6,4.09,7.08,5.77,4.66,6.9,5.93,5.19,4.41,5.6,4.59,6.61,3.88,7.45,6.81,5.28,5.64,5.98,5.32,3.86
58.8667,142.7164,-21.45,-22.41,-23.99,-14.13,-24.54,-22.97,-24.41,-25.73,-20.2,-18.97,-19.59,-20.97,-27.2,-25.67,-17.52,-22.4,-17.0,-19.43,-24.48,-21.74,-16.82,-21.65,-24.3,-16.87,-19.46,-22.14,-20.76,-24.34,-22.95,-23.23,-23.57,-16.61,-21.67,-23.35,-23.72,-20.36,-19.16,-14.94,-20.91,-17.41,-18.66
44.4872,-116.1047,-7.94,-5.17,-9.78,-7.79,-6.75,-3.81,-5.64,-3.09,-6.25,-5.23,-3.57,-4.68,-6.56,-6.6,-6.72,-6.15,-4.63,-7.48,-2.96,-11.68,-6.05,-2.66,-5.78,-3.11,-6.85,-9.09,-3.61,-6.86,-7.15,-4.43,-2.09,-6.31,-6.71,-6.41,-2.66,-2.36,-2.76,-5.15,-2.67,-5.31,-4.76
40.0589,-105.2736,-3.71,-2.06,-9.06,-8.94,-0.42,0.35,-3.27,-0.37,-2.56,-0.58,-0.95,-0.7,-1.76,-5.11,-5.66,-1.59,-2.58,-3.95,-5.87,-9.17,-5.12,1.36,-2.27,0.4,-6.42,-4.88,2.4,-2.15,-6.0,-2.48,-0.42,-4.02,-2.02,-5.75,-0.13,-1.18,-3.31,-4.14,-0.49,-0.14,0.51
33.3947,-112.0367,8.77,11.85,9.97,9.39,8.63,11.83,8.68,9.84,10.76,12.23,9.82,9.67,9.16,8.97,10.33,9.64,10.71,11.04,11.49,8.81,12.15,13.33,11.03,11.88,11.19,10.77,13.61,10.4,10.35,9.33,9.75,10.07,10.33,10.53,10.27,10.26,10.26,10.67,11.81,10.75,11.75
-9.183,147.117,27.8,26.7,28.1,27.9,28.0,27.0,27.5,27.0,26.8,26.3,27.24,26.78,26.45,28.41,27.0,27.03,26.39,27.5,27.96,27.9,27.87,27.44,27.97,28.92,27.82,27.15,28.42,28.05,27.42,27.89,26.97,28.04,27.81,27.32,28.73,28.4,27.92,27.18,28.77,28.08,27.88
40.3344,-109.7436,-11.42,-6.73,-13.31,-12.49,-7.65,-10.15,-8.77,-13.46,-16.35,-4.34,-8.5,-5.81,-3.8,-18.23,-15.57,-9.44,-10.57,-6.07,-6.34,-16.61,-5.44,-5.64,-7.55,-7.44,-17.0,-15.27,-15.07,-15.27,-15.37,-12.95,-5.54,-13.9,-11.58,-11.38,-2.53,-4.11,-6.22,-8.25,-2.37,-5.68,-5.88
49.3167,-102.6667,-15.53,-9.89,-14.3,-18.05,-10.28,-18.47,-23.44,-14.06,-15.26,-22.52,-17.92,-18.96,-18.43,-9.01,-16.98,-13.23,-12.88,-19.25,-21.1,-20.59,-15.52,-9.53,-23.83,-9.37,-11.08,-14.99,-6.8,-6.85,-13.44,-12.01,-7.5,-16.5,-8.09,-16.06,-20.42,-14.5,-20.52,-19.69,-15.01,-16.38,-14.41
58.65,-3.583,3.01,3.32,3.61,0.23,4.87,2.39,3.09,4.05,2.67,4.32,3.53,4.78,4.09,5.11,5.0,3.99,3.63,2.79,2.45,0.81,3.54,2.93,2.34,4.18,1.19,1.73,2.64,2.38,3.6,6.78,4.92,3.26,4.67,3.64,3.13,2.59,5.16,3.43,4.36,3.47,4.17
40.2589,-77.9214,0.54,-3.99,-1.98,-2.52,-1.02,-2.18,-2.39,2.59,-3.91,-3.81,-5.05,-4.39,0.13,0.58,1.62,0.26,-4.74,-8.46,-4.55,-3.27,-1.9,-4.0,-6.48,-0.65,-4.1,-3.65,-1.29,-2.19,-4.19,1.56,4.01,-0.75,-0.12,0.9,-5.83,1.05,-3.43,-1.65,2.99,-1.17,-1.18
47.05,11.85,-3.0,-4.19,-1.3,-5.6,-3.4,-2.19,-4.3,-2.8,-3.7,-1.9,-1.29,-1.9,-2.6,-0.3,0.7,0.2,-0.4,-2.8,-2.9,-5.2,-4.2,-4.09,-0.8,2.6,-3.6,-6.2,-3.6,-3.3,-0.1,1.2,-0.5,-2.4,1.5,0.89,0.1,-3.0,-1.0,1.0,-0.4,-0.7,-1.79
37.8028,-1.0692,10.27,10.31,10.88,9.82,9.45,9.69,13.31,10.0,10.97,11.05,11.26,9.16,9.16,9.99,11.42,11.13,9.54,10.55,10.11,12.16,9.87,9.77,12.07,10.43,11.1,7.29,9.72,9.88,11.81,9.94,9.86,9.99,9.36,9.91,11.1,11.53,12.71,11.41,11.96,10.79,9.17
38.0956,-122.0608,7.53,5.73,6.4,5.26,6.68,7.65,8.06,7.87,6.44,6.27,9.79,7.83,4.63,7.08,7.73,6.8,8.15,6.21,9.71,7.44,8.58,8.8,5.9,7.09,8.36,5.37,9.81,7.55,8.18,7.53,8.06,8.83,6.67,6.89,8.48,10.45,9.14,9.21,9.5,7.45,10.16
62.99,14.59,-9.61,-7.76,-7.72,-7.57,-2.19,-7.93,-15.26,-12.01,-10.66,-8.52,-12.97,-4.51,-11.49,-0.26,-3.54,-3.95,-9.73,-11.44,-5.83,-15.42,-11.96,-7.66,-11.0,-4.31,-11.2,-13.85,-14.2,-16.77,-4.38,-0.26,-6.35,-4.51,-1.54,-4.18,-9.72,-5.43,-7.93,-3.21,-3.34,-8.15,-3.6
44.0364,-91.3164,-6.19,-8.76,-10.8,-14.91,-4.79,-10.48,-14.33,-6.95,-8.11,-10.83,-13.8,-13.52,-12.2,-6.66,-8.53,-8.19,-8.29,-18.71,-15.36,-17.48,-8.65,-8.77,-15.41,-5.9,-9.69,-11.3,-9.13,-6.7,-11.54,-5.04,-5.04,-11.02,-5.44,-9.03,-14.82,-8.35,-11.77,-11.11,-5.45,-11.02,-8.26
-7.35,109.05,27.0,26.75,26.55,26.49,28.79,26.75,26.65,26.55,26.35,28.15,27.3,26.8,26.45,26.45,26.15,27.55,25.8,26.0,26.0,26.34,26.38,26.18,26.08,27.03,26.93,26.72,26.18,26.18,26.48,27.15,26.95,26.3,26.7,26.6,26.2,26.5,26.41,25.82,28.33,28.33,28.23
65.43,150.6,-32.75,-38.65,-37.0,-31.66,-43.88,-39.52,-41.29,-42.58,-32.14,-31.29,-36.02,-36.02,-41.8,-41.08,-36.56,-39.28,-31.77,-28.51,-35.28,-33.12,-32.35,-30.65,-40.29,-34.99,-32.14,-33.28,-36.03,-36.27,-35.82,-39.99,-36.79,-35.61,-39.14,-39.99,-35.17,-38.48,-33.04,-34.61,-35.8,-36.47,-38.21
45.1,-78.3833,-11.84,-16.21,-14.05,-12.88,-8.1,-12.99,-12.74,-7.4,-14.89,-11.09,-16.27,-15.41,-10.59,-9.69,-11.23,-9.74,-15.9,-15.21,-14.62,-13.29,-10.25,-16.79,-18.07,-10.11,-14.79,-15.55,-11.54,-9.06,-10.4,-8.76,-5.76,-12.57,-11.59,-10.34,-19.02,-7.98,-13.26,-14.19,-8.27,-11.87,-11.77
47.7881,-99.6317,-16.03,-12.94,-15.0,-17.3,-11.25,-18.63,-22.42,-12.79,-15.43,-20.29,-17.51,-19.88,-17.47,-11.13,-18.95,-13.18,-13.38,-20.83,-21.3,-21.82,-16.17,-11.47,-11.47,-8.94,-8.84,-8.94,-8.94,-9.03,-15.78,-12.28,-6.89,-15.73,-9.59,-16.66,-20.95,-14.71,-20.2,-20.2,-13.92,-16.18,-12.27
44.1333,-66.0832,-3.02,-4.63,-2.48,-0.61,-2.47,-4.8,-2.0,-1.07,-5.65,-1.85,-6.0,-4.97,-2.54,-2.23,-2.92,-1.55,-3.66,-5.09,-3.02,-1.26,-2.7,-5.16,-5.26,-1.76,-3.59,-5.21,-1.57,-3.08,-2.85,-2.11,-0.38,-3.57,-3.45,-3.98,-5.76,-0.12,-3.52,-3.14,-1.31,-1.59,-2.42
38.0946,-81.6705,1.37,-3.03,-1.8,-1.8,1.35,2.42,-1.1,3.48,-1.08,0.52,-2.19,-0.38,2.87,1.81,6.9,3.36,3.46,-7.04,-4.27,-1.53,1.62,-2.66,-2.76,0.7,-1.51,-1.41,0.2,0.93,-0.21,5.0,5.77,3.86,2.84,5.08,-1.94,2.98,1.13,3.27,5.01,4.26,0.7
41.1072,-73.4344,-0.27,-3.86,-0.98,-2.31,0.37,-2.27,-1.59,2.14,-3.77,-1.39,-4.59,-3.05,1.04,0.95,1.0,2.39,-2.92,-5.18,-2.97,-0.74,-0.47,-4.34,-4.97,0.26,-2.69,-2.57,0.3,-0.6,-1.97,2.31,3.27,-0.54,0.45,1.24,-4.32,1.99,-2.24,-0.81,3.33,-0.22,-0.84
44.3575,-94.6167,-9.95,-9.55,-11.48,-15.61,-5.26,-11.56,-14.7,-8.11,-8.34,-12.9,-14.62,-12.78,-13.51,-6.91,-9.37,-7.49,-9.32,-15.88,-15.47,-17.11,-8.22,-6.39,-16.19,-7.75,-10.31,-12.54,-8.57,-8.37,-14.03,-4.34,-3.21,-12.56,-5.94,-11.83,-16.47,-8.66,-12.94,-13.09,-7.47,-10.81,-9.1
46.3833,-72.7833,-11.54,-15.47,-11.75,-9.46,-6.55,-11.8,-10.85,-10.75,-14.13,-8.37,-15.97,-13.75,-9.19,-7.62,-9.66,-8.0,-13.85,-13.12,-11.78,-9.1,-8.81,-14.71,-16.64,-8.57,-11.89,-13.7,-9.83,-10.29,-9.03,-7.73,-3.97,-11.25,-10.65,-9.39,-17.59,-6.78,-11.54,-10.68,-7.79,-10.09,-10.1
54.7831,23.6331,-6.05,-3.08,-1.0,-11.97,-3.8,-3.05,-7.45,-9.03,-9.15,-9.93,-8.4,-2.92,-9.63,-3.09,-2.64,0.45,-5.82,-4.93,-3.99,-9.15,-7.55,-4.81,-5.56,1.69,-2.02,-11.91,-3.4,-15.72,-2.23,2.02,0.63,-0.88,-0.92,-0.95,-0.04,-3.69,-8.19,-4.54,0.12,-1.88,-2.3
38.7253,-121.7778,8.04,6.15,6.77,5.22,6.98,7.25,7.39,8.61,6.72,6.28,9.95,8.28,5.83,7.24,8.29,7.14,9.1,6.54,9.99,7.52,9.15,8.62,5.98,6.51,8.77,5.87,10.15,7.88,8.87,7.26,8.23,8.68,6.16,7.27,8.86,10.16,9.15,9.46,9.4,7.54,9.94
5.9,118.467,26.39,25.53,25.66,25.49,26.44,25.4,26.2,26.2,25.41,26.5,26.1,25.42,25.87,26.76,25.69,26.11,25.52,26.24,26.46,26.58,26.3,25.73,26.11,26.85,26.44,26.3,26.3,27.26,27.89,26.83,26.58,26.91,26.6,26.65,26.52,27.29,25.8,26.02,27.61,26.94,26.6
38.0999,107.783,-6.89,-8.25,-9.92,-9.43,-7.86,-5.61,-5.57,-9.14,-9.13,-8.78,-7.9,-9.58,-6.49,-7.33,-7.58,-6.99,-8.11,-11.5,-6.88,-4.18,-8.13,-7.85,-5.29,-8.15,-9.33,-7.09,-6.3,-3.47,-6.82,-9.94,-6.4,-4.82,-7.32,-10.91,-5.09,-6.71,-7.1,-5.18,-7.29,-4.76,-8.32
41.1844,-104.8789,-2.91,-0.74,-7.75,-8.28,-0.98,0.14,-4.27,-0.16,-1.86,-1.17,-1.98,-2.07,-3.39,-3.43,-5.26,-2.18,-3.0,-5.11,-5.42,-9.5,-5.47,-0.42,-4.28,0.67,0.56,-5.86,-0.85,-0.75,-6.17,0.21,0.16,-3.64,-0.6,-3.99,-1.01,-1.6,-5.19,-4.01,-0.36,-0.15,-0.89
38.1478,-100.41,-1.91,0.15,-3.33,-5.43,1.07,1.13,-3.83,-0.2,-0.46,-1.44,-2.29,-2.93,-2.71,-1.71,-3.34,1.44,0.49,-4.63,-5.81,-8.75,-1.59,1.4,-2.77,0.46,0.26,-4.95,3.29,0.01,-3.93,1.42,-0.05,0.05,2.17,2.37,-2.16,0.57,-3.06,-2.06,0.13,-0.35,-0.16
40.8014,-103.2847,-4.5,-1.33,-6.0,-8.74,-1.97,-0.84,-7.21,-0.6,-3.08,-3.91,-3.7,-3.36,-4.97,-4.6,-6.49,-4.09,-3.83,-8.2,-8.49,-10.5,-5.98,-0.67,-5.0,0.37,-2.98,-6.18,-1.5,-0.2,-5.72,-0.17,0.69,-3.47,0.19,-3.55,-1.24,-1.54,-1.24,-3.88,-1.14,-0.14,-0.69
35.3514,-117.9214,4.95,5.25,7.1,5.04,6.55,8.37,5.3,7.0,6.79,8.37,6.47,6.96,5.63,5.69,5.69,6.63,7.89,6.75,8.75,4.7,4.7,8.66,8.76,8.14,9.25,6.72,10.47,6.27,6.72,6.02,7.63,7.31,7.47,7.57,8.84,7.85,9.15,9.58,7.87,9.91,9.7
30.4458,-97.37,9.88,8.04,7.31,6.27,10.44,12.64,6.75,11.23,9.25,12.27,7.55,12.81,11.1,8.27,9.55,12.41,9.94,4.39,3.7,3.69,10.92,9.61,10.55,9.36,7.34,7.77,12.19,9.79,7.98,12.37,13.78,7.92,10.18,9.85,10.66,12.23,10.95,10.66,13.27,13.66,13.17
16.3333,-170.0166,24.86,25.01,24.74,24.97,25.06,24.38,24.97,24.8,25.0,24.16,25.89,24.51,24.63,24.24,25.26,24.78,24.16,24.86,25.11,24.37,25.32,26.18,24.45,25.32,26.27,25.5,25.4,25.24,25.42,25.82,24.89,26.17,25.52,24.52,25.36,25.71,26.23,25.95,26.0,26.16,26.18
22.75,111.97,14.6,12.75,12.05,12.2,14.45,15.05,16.6,12.4,15.35,14.13,12.55,12.48,14.65,13.15,13.95,14.35,14.85,10.75,14.6,15.64,15.8,15.7,17.05,12.88,11.4,13.85,15.35,16.7,16.43,13.54,14.5,14.0,14.1,12.42,15.52,13.5,14.52,15.39,15.49,15.64,13.91
30.6303,-95.783,9.62,7.43,7.29,6.49,9.02,12.24,7.5,10.03,9.27,11.14,6.95,12.88,12.38,7.98,10.8,12.76,9.71,5.34,4.89,5.38,5.27,9.63,9.19,9.19,7.17,5.38,5.58,9.52,7.83,13.58,13.25,8.17,9.61,9.28,10.17,11.22,9.53,8.68,13.46,13.82,13.08
16.133,-14.617,22.79,22.89,23.96,24.63,23.4,20.36,22.4,22.59,20.3,25.06,23.91,23.19,23.33,23.63,22.27,23.67,21.69,24.19,24.92,24.35,23.85,23.95,23.53,23.33,22.8,23.05,22.95,23.29,23.62,24.42,22.44,24.39,25.66,24.13,22.0,23.24,27.84,26.53,24.17,23.1,25.82
50.3,18.6,-2.09,-2.4,-0.2,-10.5,-5.9,-1.0,-5.0,-2.29,-3.2,-3.4,-3.2,-3.0,-3.9,-1.4,1.5,3.0,-0.8,-0.4,0.4,-4.59,-4.59,-3.3,-4.6,2.7,0.3,-8.6,-1.2,-9.19,2.4,-0.2,0.6,0.1,0.1,0.0,3.1,-1.1,-4.7,-5.6,1.3,-0.3,-2.0
39.5999,98.5,-9.0,-10.8,-10.4,-9.1,-11.0,-6.9,-7.3,-12.2,-13.3,-12.0,-10.1,-8.5,-8.19,-9.4,-8.6,-7.8,-8.89,-12.7,-10.3,-7.4,-9.1,-9.79,-6.0,-10.7,-10.8,-9.0,-9.19,-5.8,-7.99,-10.4,-7.4,-7.4,-9.7,-10.5,-7.8,-10.3,-9.3,-6.3,-10.2,-8.6,-11.4
60.6964,26.4133,-10.74,-4.62,-5.11,-12.12,-3.64,-5.06,-16.6,-13.92,-18.0,-12.42,-11.69,-3.5,-11.6,-3.8,-4.98,-2.4,-13.07,-8.11,-8.6,-10.03,-10.09,-5.04,-13.29,-3.02,-5.76,-17.82,-9.26,-20.0,-4.26,-1.41,-6.5,-5.21,-4.01,-2.5,-5.72,-4.0,-7.25,-6.49,-3.19,-7.46,-4.02
49.5,18.6,-2.29,-2.5,-0.2,-10.6,-5.7,-0.9,-5.4,-2.4,-3.4,-3.3,-3.2,-3.4,-3.7,-1.2,1.6,3.4,-1.0,-0.5,0.5,-4.39,-4.79,-3.4,-4.5,2.9,0.3,-8.79,-1.0,-9.49,2.7,-0.2,0.8,0.3,0.2,0.1,2.9,-1.1,-4.8,-5.4,1.0,0.1,-2.0
69.35,61.9,-19.38,-17.0,-19.04,-19.67,-25.08,-16.0,-18.98,-23.68,-19.2,-24.52,-22.6,-20.14,-18.96,-22.95,-17.12,-16.39,-21.54,-18.93,-19.6,-24.25,-20.82,-11.74,-24.11,-16.36,-11.46,-24.85,-19.79,-22.82,-14.62,-23.03,-23.31,-21.63,-19.72,-14.89,-19.93,-10.99,-13.22,-21.6,-19.2,-27.1,-21.51
47.5841,-104.2006,-10.55,-6.04,-10.8,-15.57,-5.83,-12.51,-16.31,-8.55,-10.45,-19.12,-13.81,-14.16,-13.66,-6.84,-10.78,-7.25,-9.14,-17.13,-17.37,-18.41,-11.85,-3.63,-19.09,-4.18,-7.05,-12.05,-3.78,-4.09,-10.86,-7.69,-3.8,-11.75,-2.4,-11.96,-12.98,-8.58,-14.09,-13.66,-8.91,-9.91,-7.09
53.881,-1.4899,4.13,3.05,4.89,-0.8,3.2,3.34,2.25,4.25,4.29,5.3,3.7,4.34,3.85,4.55,5.6,6.44,5.5,2.4,2.9,0.14,2.29,4.89,3.0,6.7,3.4,1.35,3.0,1.35,4.64,6.25,6.29,2.7,3.75,5.35,4.25,3.75,3.75,2.48,4.8,5.2,5.45
35.55,103.383,-5.71,-5.95,-6.48,-6.96,-6.89,-4.61,-4.24,-7.01,-5.31,-5.19,-5.81,-5.66,-3.82,-3.77,-5.05,-4.21,-5.44,-7.09,-6.05,-3.47,-5.02,-4.25,-2.06,-5.86,-5.66,-4.32,-3.4,-2.18,-3.29,-4.52,-3.39,-2.84,-4.12,-6.25,-3.57,-4.74,-3.69,-2.35,-4.97,-2.36,-2.31
42.3949,-87.7336,-2.86,-6.73,-8.66,-11.17,-2.58,-5.96,-8.72,-2.58,-4.35,-5.96,-8.64,-7.36,-6.83,-2.04,-3.94,-2.52,-6.94,-11.95,-9.26,-10.62,-4.59,-5.44,-10.82,-2.99,-8.07,-9.77,-5.23,-3.3,-6.71,0.3,1.07,-6.36,-1.97,-3.32,-9.11,-4.44,-5.02,-7.15,-1.16,-5.33,-3.53
38.7802,-94.0358,-0.6,-0.4,-4.89,-6.17,1.69,0.1,-2.61,0.82,-2.11,-2.93,-2.63,-2.52,-2.33,-1.99,-3.31,0.48,-1.06,-8.67,-7.36,-10.02,-1.05,0.19,0.09,-0.11,-0.21,-5.33,2.43,-0.46,-1.78,3.26,3.22,-5.09,0.66,-6.54,-7.44,-1.33,-2.9,-2.27,1.03,-0.45,-0.31
31.5631,-90.4944,8.13,5.31,6.45,5.2,6.66,9.82,6.51,8.73,7.51,9.04,5.35,9.01,10.72,6.7,12.84,11.04,6.21,3.32,3.77,4.54,9.94,5.63,9.02,7.41,6.02,4.37,7.49,6.92,5.7,10.35,10.11,8.04,8.04,11.16,6.32,8.52,5.58,8.61,11.14,11.46,10.49
50.5516,6.153,-0.16,-1.2,0.79,-7.8,-2.48,-0.26,-3.12,-0.1,-1.25,0.88,-0.73,-0.51,-1.97,-0.24,2.72,3.14,1.0,0.0,-0.53,-5.49,-2.19,-1.19,-1.15,1.94,-0.2,-5.65,-1.23,-5.57,2.81,1.52,1.32,0.28,0.34,2.19,1.45,-0.04,-1.3,-2.36,1.54,1.87,0.39
40.1514,-88.938,-1.6,-1.6,-6.6,-9.02,-0.68,-2.75,-5.56,-0.24,-4.71,-4.82,-7.25,-5.05,-4.37,-0.86,-3.15,-1.13,-4.46,-11.19,-8.47,-9.81,-2.68,-3.38,-8.7,-1.81,-6.37,-5.97,-6.07,-6.37,-6.17,0.93,0.83,-5.63,0.6,-3.0,-6.61,-3.8,-5.61,-6.97,-0.43,-5.8,-3.62
35.2014,-84.2386,3.46,-0.25,2.42,-1.14,1.58,2.96,0.09,3.43,1.65,1.36,-2.52,2.37,4.53,2.76,8.63,4.95,-0.17,-4.04,-1.5,0.35,3.78,-1.01,0.0,1.7,1.67,-1.35,1.32,2.13,0.58,5.93,5.93,4.4,3.6,6.96,0.56,3.5,2.0,3.94,5.79,5.15,3.53
33.7363,-80.5569,7.36,5.16,5.72,4.59,6.13,7.6,5.09,7.92,4.19,6.87,4.69,8.4,11.54,8.45,15.63,10.86,7.1,1.96,4.51,4.1,8.1,5.05,4.37,4.54,5.44,4.4,5.34,5.35,3.69,9.44,10.18,7.67,6.73,8.65,4.95,6.92,6.62,8.6,8.8,9.61,6.54
48.65,-58.25,-3.34,-3.55,-5.77,-1.48,-5.94,-5.03,-3.25,-4.28,-4.84,-2.27,-6.21,-6.03,-6.89,-7.58,-10.47,-7.11,-5.08,-3.5,-4.0,-2.96,-5.78,-4.64,-5.91,-3.82,-7.64,-6.97,-3.86,-7.57,-5.94,-7.47,-6.39,-10.2,-7.54,-8.63,-6.93,-6.03,-5.54,-4.76,-4.95,-4.92,-3.45
47.917,91.267,-25.4,-30.27,-28.4,-24.36,-22.45,-19.61,-19.07,-19.27,-18.97,-29.66,-21.94,-16.95,-18.77,-16.87,-22.28,-22.9,-22.42,-31.73,-25.05,-15.58,-22.75,-28.26,-21.94,-26.01,-28.8,-24.0,-20.38,-21.72,-19.53,-24.47,-21.55,-20.4,-23.29,-24.93,-17.75,-20.95,-21.87,-19.88,-22.74,-17.01,-22.02
40.7585,-73.6046,0.9,-3.54,-0.26,-1.58,0.64,-2.25,-0.8,2.62,-3.17,-1.3,-3.72,-2.42,1.12,1.35,1.61,2.62,-2.65,-4.47,-1.39,0.38,0.2,-4.15,-4.36,0.95,-1.91,-2.38,0.47,0.07,-1.66,2.0,3.34,0.59,0.81,2.29,-2.94,3.31,0.0,0.65,4.32,4.62,0.28
49.92,33.3,-5.02,-5.05,-2.88,-15.55,-8.48,-6.3,-2.89,-10.15,-10.2,-8.77,-6.14,-2.57,-11.63,-8.34,-6.69,-1.05,-7.0,-8.14,-7.96,-6.37,-8.36,-4.09,-4.01,-1.69,-3.03,-8.25,-3.29,-14.61,-6.11,-0.52,-1.08,-2.52,-2.85,-2.61,-0.07,-4.48,-9.32,-6.59,-2.36,-2.72,-5.87
-16.713,-68.1919,7.47,9.48,8.1,7.4,10.2,10.5,10.3,10.9,9.6,9.69,9.9,8.0,6.2,7.96,8.22,8.13,7.01,9.54,7.85,7.04,8.2,7.99,7.93,9.43,6.64,7.7,8.1,7.44,8.07,7.87,7.28,9.35,7.3,7.42,8.51,10.32,7.63,7.95,10.32,8.56,8.08
13.267,30.633,21.52,23.87,20.42,23.96,20.85,21.75,22.15,21.5,22.4,21.3,22.15,21.75,22.9,22.45,20.34,20.85,22.3,21.45,21.29,22.5,22.5,21.65,23.7,17.39,20.7,25.3,22.45,21.45,21.75,17.75,21.6,21.36,18.9,19.2,19.0,19.1,22.3,22.0,20.65,23.1,22.1
33.0497,-99.435,5.27,4.35,2.97,2.37,5.98,7.29,1.74,6.73,4.99,7.14,4.19,6.27,4.78,2.91,4.97,5.98,6.6,1.35,0.91,-0.07,6.14,6.9,5.61,4.75,3.48,2.45,8.04,4.76,3.88,8.41,8.57,4.26,6.11,4.97,6.55,8.09,7.79,7.79,9.18,8.76,7.29
33.7517,-91.0097,7.11,4.52,4.17,3.7,6.61,8.36,2.0,7.88,5.59,7.31,3.99,7.86,9.46,5.97,9.33,9.49,5.85,0.63,1.53,2.0,7.49,5.14,6.38,6.01,3.06,1.7,7.17,5.26,4.05,9.6,9.96,6.24,6.4,7.07,4.75,7.51,5.72,5.95,9.27,10.04,8.11
41.2536,-96.3406,-7.35,-4.24,-8.17,-10.51,-2.42,-7.08,-9.36,-5.59,-6.31,-9.72,-10.63,-8.77,-7.04,-5.19,-8.27,-5.73,-4.44,-10.84,-12.32,-12.91,-3.78,-2.44,-2.75,-2.65,-4.68,-4.88,-0.51,-1.77,-6.76,-0.47,-0.15,-8.96,-8.67,-8.38,-8.36,-6.14,-7.91,-8.8,-4.21,-6.08,-2.74
40.9469,-102.1467,-5.68,-5.38,-4.72,-9.11,-0.71,-0.15,-6.38,0.59,0.69,-5.22,-2.21,-1.84,-4.22,-3.73,-7.16,-1.49,-4.75,-7.7,-9.17,-11.92,-4.22,-0.92,-6.13,-1.4,-5.1,-7.4,-2.09,-2.54,-8.13,-0.62,-0.25,-4.52,-2.19,-6.08,-6.08,-3.45,-5.25,-4.59,-0.56,0.23,-0.37
47.0299,7.86,-1.29,-0.41,0.94,-5.23,-3.19,-0.32,-2.3,-1.72,-2.22,0.0,0.51,-2.91,0.0,-0.86,1.79,2.86,0.78,0.87,0.25,-1.49,-1.94,-2.34,1.93,1.24,-0.15,-4.88,0.06,-3.79,3.51,-0.91,0.61,0.01,-2.98,0.77,2.02,-1.33,0.0,-2.17,0.76,0.33,-3.29
-20.167,30.767,21.92,21.6,21.9,21.27,22.6,21.68,23.88,22.92,24.49,22.84,22.94,21.72,22.74,24.63,22.67,22.58,22.02,23.83,22.62,21.5,22.09,23.77,23.18,26.13,23.75,22.94,22.07,23.57,23.36,22.64,22.57,23.97,25.52,25.52,21.74,22.68,22.97,22.5,22.86,21.77,21.62
37.1456,-99.2281,-0.48,0.68,-1.75,-3.99,-4.19,2.44,-1.95,1.34,0.51,0.51,-1.31,-0.41,-0.68,-0.77,-2.0,1.1,1.29,-4.46,-5.53,-8.42,-0.08,2.17,-2.19,-0.23,-2.06,-1.97,4.7,1.11,0.81,3.72,4.09,4.09,4.37,-2.34,-0.15,0.43,-0.83,0.14,1.55,1.6,1.27
54.1,54.3,-11.95,-12.69,-11.23,-15.73,-14.12,-13.94,-13.9,-15.53,-15.55,-24.7,-16.45,-9.64,-24.94,-18.01,-18.9,-10.42,-13.25,-19.38,-11.68,-16.14,-16.84,-9.77,-13.78,-8.84,-11.0,-12.67,-12.21,-18.8,-15.2,-13.54,-13.83,-13.76,-10.82,-9.24,-11.52,-12.29,-17.51,-18.29,-12.54,-9.69,-9.23
38.8803,-94.8358,-0.4,-0.3,-4.89,-6.27,1.78,-0.1,-3.02,1.02,-2.0,-2.83,-2.83,-2.93,-2.43,-2.09,-3.01,0.18,-0.65,-8.67,-7.46,-10.02,-0.85,0.19,-0.01,0.19,0.09,-5.43,2.33,-0.36,-2.09,2.96,3.52,-5.4,0.66,-6.44,-7.14,-1.33,-2.5,-2.58,1.13,-0.75,-0.31
36.7628,-104.285,-3.4,-7.11,-3.4,-5.23,-1.91,-0.23,-3.33,-0.9,-2.99,3.15,-2.1,0.6,1.43,-1.11,-1.21,-2.88,-1.13,-2.1,-1.52,-4.86,-4.76,1.21,0.07,-1.92,-3.18,-2.34,2.86,-2.19,-6.65,1.12,-2.59,-0.73,-0.8,1.14,0.05,1.47,-0.46,-1.72,1.84,3.17,2.15
-28.6,25.9,22.54,22.75,24.0,20.7,23.2,21.65,24.2,22.45,23.9,24.29,23.65,22.2,22.1,24.45,22.3,21.4,20.35,22.6,22.85,21.85,22.75,22.66,23.47,25.7,24.39,25.06,23.97,24.95,25.55,22.05,23.47,22.88,24.42,25.23,21.95,24.03,22.12,21.01,20.98,23.92,19.8
46.92,28.57,-0.89,-3.08,0.01,-11.69,-5.43,-0.6,-2.04,-5.52,-4.1,-6.26,-1.42,0.27,-7.44,-3.77,-4.2,1.57,-2.16,-3.83,-3.24,-2.97,-4.66,-2.95,-2.5,1.42,0.5,-7.23,-1.11,-7.97,-1.82,1.66,0.1,-0.12,-1.04,-0.04,1.77,-2.57,-6.9,-3.84,0.81,1.7,-3.2
7.55,151.7333,26.78,27.7,27.37,26.74,27.86,26.93,26.59,27.25,27.11,26.85,27.24,27.6,26.93,27.52,27.2,27.35,27.48,27.49,27.6,27.51,27.18,27.23,28.23,26.86,27.52,27.55,27.6,27.64,27.94,27.94,27.56,27.35,27.58,27.13,27.42,27.22,27.6,27.57,27.43,26.54,28.01
-30.45,-51.26,24.8,26.38,24.3,25.83,25.49,25.11,25.15,24.72,25.3,24.53,26.2,26.45,25.34,25.97,26.02,23.36,25.33,25.64,25.18,24.22,24.11,25.57,24.01,25.65,26.87,23.8,26.8,23.9,25.64,25.48,25.65,24.26,25.25,25.96,24.74,25.95,25.4,26.69,25.11,25.69,25.69
44.2881,-89.6056,-7.05,-9.86,-11.67,-15.86,-5.92,-11.37,-14.57,-8.46,-9.76,-11.21,-13.14,-14.04,-13.42,-7.27,-8.5,-8.63,-12.46,-16.84,-12.92,-14.7,-9.06,-8.55,-15.26,-6.42,-10.17,-11.51,-8.75,-6.35,-11.41,-5.55,-4.97,-12.27,-6.23,-8.93,-15.37,-7.65,-11.79,-10.39,-6.4,-10.56,-9.37
32.0789,-105.7925,4.59,4.79,3.72,3.6,3.02,8.36,4.2,5.24,5.89,8.59,6.74,6.74,5.43,4.07,6.08,6.2,6.3,4.83,6.24,3.82,7.54,6.02,5.32,4.92,5.12,5.22,7.42,4.91,4.93,5.89,5.56,6.0,3.38,6.83,5.98,6.61,7.07,5.65,7.51,8.07,8.71
46.6267,-106.2825,-7.87,-4.3,-8.33,-13.72,-4.22,-10.4,-14.5,-4.97,-9.95,-17.96,-11.1,-11.55,-12.85,-6.5,-7.26,-5.38,-7.55,-13.53,-16.32,-17.69,-10.41,-0.4,-16.64,-2.6,-3.84,-10.85,-2.23,-2.42,-8.83,-7.7,-2.9,-10.29,0.4,-12.98,-8.11,-4.15,-13.0,-10.98,-7.22,-6.71,-3.47
46.1167,-65.1332,-7.52,-12.47,-12.37,-6.23,-6.88,-10.21,-4.7,-5.99,-11.76,-6.68,-12.39,-12.0,-7.77,-7.81,-8.41,-8.32,-10.59,-11.0,-8.56,-5.08,-7.12,-12.45,-12.0,-6.17,-9.66,-11.89,-6.77,-9.61,-8.36,-7.16,-3.9,-10.1,-8.01,-9.0,-12.22,-4.99,-8.5,-7.54,-5.64,-6.48,-7.05
47.0956,-111.7772,-5.97,-0.26,-6.8,-11.13,-2.89,-1.49,-7.27,-2.69,-4.3,-14.6,-6.23,-7.05,-7.9,-5.0,-5.78,-5.43,-2.52,-5.9,-9.26,-13.12,-9.43,0.37,-9.42,0.5,-3.1,-5.9,1.92,-1.81,-5.67,-2.38,-1.82,-5.81,0.46,-7.14,-0.49,-1.87,-8.68,-7.31,-2.68,-1.51,-3.25
40.921,-92.2552,-3.97,-4.09,-8.12,-10.23,-1.57,-5.71,-9.05,-3.37,-5.17,-7.04,-9.93,-8.95,-7.11,-4.43,-5.7,-4.25,-6.22,-12.76,-10.79,-12.8,-3.93,-3.21,-10.85,-2.64,-5.11,-8.76,-2.11,-2.77,-5.34,0.55,1.15,-7.12,0.08,-4.21,-9.36,-6.05,-7.54,-7.34,-2.65,-5.98,-3.75
31.8467,-84.2711,9.5,6.68,8.1,7.11,7.55,9.34,5.72,9.19,6.45,7.14,3.85,8.27,11.18,7.87,15.34,10.34,6.05,1.97,3.65,4.96,8.98,5.0,6.92,5.84,6.25,4.35,7.61,6.88,5.65,11.17,11.06,8.96,7.81,10.6,10.8,10.6,10.7,9.58,10.01,9.61,8.44
48.2667,-81.5833,-13.87,-19.23,-20.12,-19.98,-12.01,-19.02,-18.55,-16.49,-17.68,-12.52,-18.88,-19.55,-17.62,-13.93,-18.0,-14.71,-20.5,-18.89,-18.51,-17.94,-15.3,-16.79,-23.44,-15.78,-20.61,-18.55,-18.14,-12.7,-17.19,-14.63,-11.63,-18.95,-16.85,-16.55,-25.87,-13.41,-19.44,-18.34,-14.93,-17.51,-17.3
57.75,114.333,-38.48,-28.59,-21.99,-29.75,-23.45,-28.89,-31.83,-23.39,-32.42,-38.98,-32.24,-26.71,-28.05,-24.23,-32.84,-30.24,-29.27,-38.67,-26.54,-33.87,-32.43,-29.97,-29.67,-23.31,-29.77,-36.0,-32.62,-32.47,-27.0,-25.95,-35.76,-30.36,-20.29,-24.35,-29.54,-20.49,-28.01,-35.1,-33.97,-29.79,-37.59
40.5832,-82.0167,-0.85,-6.28,-4.72,-7.69,-1.72,-3.53,-6.04,-0.04,-5.87,-3.73,-7.43,-5.62,-2.48,-1.52,-0.4,-0.92,-5.63,-12.0,-7.71,-7.11,-3.38,-6.63,-6.73,-1.84,-6.43,-6.72,-3.07,-3.48,-4.3,1.08,1.4,-2.87,-1.73,-0.51,-7.89,-2.56,-3.81,-3.57,0.82,-2.93,-4.4
45.1906,-118.6528,-3.78,2.61,0.04,-2.86,4.78,1.76,3.29,5.78,2.93,-5.68,-0.04,4.55,0.88,-0.31,-0.68,2.73,3.98,-2.97,0.19,-9.47,-3.43,2.4,1.48,4.71,1.43,-3.41,2.32,-0.67,0.28,3.57,4.01,-0.23,3.58,-3.87,5.2,1.79,1.16,0.34,3.28,5.05,2.15
43.6,122.667,-14.86,-13.1,-11.34,-15.86,-11.96,-13.3,-14.3,-11.65,-14.09,-16.27,-14.94,-12.79,-11.4,-11.44,-13.52,-11.64,-11.42,-17.55,-14.43,-11.16,-16.72,-14.04,-12.18,-11.84,-14.66,-15.57,-13.99,-14.93,-10.42,-10.3,-14.75,-12.27,-9.36,-11.99,-12.98,-9.57,-11.31,-13.02,-13.77,-9.57,-16.37
31.1831,-111.0436,7.36,11.09,8.73,7.8,7.82,10.85,7.57,9.87,10.25,11.51,9.59,10.36,9.86,8.32,9.48,9.94,10.62,9.19,10.25,10.25,10.35,11.15,9.98,9.92,9.98,8.38,13.23,8.85,9.36,9.27,9.25,8.76,8.83,10.17,10.04,8.87,10.44,10.74,10.74,10.82,10.62
42.617,141.483,-4.18,-3.59,-1.08,-1.72,-1.33,-0.88,-2.04,-3.3,-0.96,-3.7,-2.8,-2.24,-1.02,0.33,-0.78,-2.44,-2.44,-4.63,-3.33,-2.54,-2.45,-2.67,-2.47,-1.4,-2.92,-4.91,-3.79,-3.03,-2.39,-0.83,-2.57,0.24,-0.83,-0.97,-2.89,-1.89,-2.69,-0.61,-4.25,-1.85,-1.15
37.2194,-104.0325,-1.75,0.31,-1.88,-3.01,-1.61,0.76,-2.52,-0.04,0.05,2.89,-0.37,0.9,0.89,-1.05,-1.06,-1.06,-0.82,-1.42,-0.59,-4.88,-0.31,2.68,-0.8,0.97,-1.59,-2.71,3.7,-0.61,-3.4,1.19,-0.39,-0.99,0.18,0.13,1.96,0.46,0.49,0.28,0.16,2.78,2.02
35.8447,-89.6733,4.43,2.64,2.27,0.46,4.78,5.31,1.01,5.88,3.18,4.34,0.78,3.44,5.32,3.34,6.01,7.08,3.25,-3.0,-1.58,-1.29,4.18,2.84,2.02,3.91,0.87,-1.28,4.41,3.54,2.12,8.27,8.83,4.47,5.11,4.97,2.65,5.46,4.88,5.38,8.31,8.43,6.33
38.833,88.067,-8.3,-7.19,-8.15,-7.0,-7.02,-5.51,-6.47,-13.59,-6.56,-9.37,-7.6,-6.88,-5.14,-6.69,-6.5,-6.8,-6.73,-9.86,-12.08,-6.31,-6.67,-6.56,-4.06,-7.3,-9.7,-7.38,-5.4,-5.25,-5.5,-6.28,-5.27,-5.65,-7.65,-6.19,-6.44,-7.47,-7.77,-4.62,-6.71,-7.29,-6.2
37.9092,-78.6886,3.1,-1.5,0.0,-0.3,2.3,1.9,-0.5,3.8,-0.89,-0.1,-1.6,0.39,3.7,2.29,6.1,6.2,0.28,-4.19,-1.41,0.6,1.0,-1.3,-1.98,1.4,0.4,-0.1,0.0,-0.1,-0.3,0.1,-0.3,1.9,2.88,3.78,-1.04,2.99,-0.11,1.17,5.68,3.8,1.03
50.0,44.1,-5.14,-7.18,-5.87,-10.98,-10.25,-9.12,-6.86,-10.95,-9.78,-15.37,-10.08,-2.79,-16.78,-11.35,-11.47,-3.87,-7.88,-14.83,-6.74,-10.59,-13.55,-4.58,-6.6,-4.63,-4.05,-9.19,-3.89,-14.52,-8.56,-4.76,-5.74,-5.43,-4.7,-4.92,-3.51,-6.29,-13.3,-9.68,-8.05,-3.41,-5.18
43.6878,-70.3128,-5.81,-10.8,-10.89,-6.06,-5.37,-8.29,-6.59,-5.65,-10.72,-6.63,-11.16,-11.59,-6.48,-6.08,-5.77,-5.29,-10.9,-10.15,-8.45,-5.75,-5.72,-13.03,-12.57,-5.97,-9.97,-11.86,-5.54,-8.25,-7.5,-4.25,-2.71,-7.08,-5.79,-5.97,-11.83,-3.58,-3.28,-6.74,-4.03,-6.9,-7.25
